Id,TitleId,RealName,CharacterName,Role
100,99,Edna McKenzie,Rhett Stracke,Screenwriter
101,17,Laron Yost,Kyle Cummerata,Screenwriter
102,87,Curt Batz,Grant Kozey,Cinematographer
103,94,Cecilia Balistreri,Evelyn Schamberger,Music Composer
104,32,Cleta Schmitt,Aliya Sauer,Film Editor
105,78,Bella Zboncak,Francesca Pollich,Cinematographer
106,35,Lawrence Wolf,Percival Bradtke,Screenwriter
107,8,Lucas Fisher,Nichole Donnelly,Director
108,13,Kiley Cremin,Hardy Medhurst,Actor
109,15,Brenda Rath,Ursula Spencer,Music Composer
110,11,Tavares Crooks,Kevin Fisher,Screenwriter
111,84,Mavis Kuhlman,Zita Cartwright,Director
112,34,Hope Rutherford,Willow Turcotte,Actress
113,54,Laisha Von,Braden Hermann,Music Composer
114,55,Cara Mann,Fanny Morissette,Film Editor
115,3,Rafaela Ullrich,Maybell Kreiger,Producer
116,83,Cecile Kemmer,Kristy Hagenes,Film Editor
117,7,Corine Schmitt,Bridgette Thiel,Actress
118,48,Anissa Simonis,Kaleb Jacobs,Screenwriter
119,30,Rick Corwin,Meta Pacocha,Actress
120,21,Jarrod Hand,Keyon Fritsch,Film Editor
121,37,Marshall Satterfield,Elijah Abbott,Production Designer
122,35,Judy Dach,Winfield Hane,Music Composer
123,35,Paula Greenfelder,Lilla Feil,Screenwriter
124,25,Odie Ortiz,Gabrielle Kunze,Director
125,1,Heath Kuhn,Vince Schowalter,Director
126,28,Armani D'Amore,Naomi Gleason,Music Composer
127,84,Herminio Shields,Sheridan Kiehn,Screenwriter
128,63,Mandy Collier,Christopher Waelchi,Music Composer
129,100,Trevion Gerlach,Lamont Gulgowski,Production Designer
130,84,Ivy Graham,Bridget Schroeder,Production Designer
131,89,Veronica Beier,Damon Shanahan,Music Composer
132,81,Shaniya Weissnat,Elsie Littel,Music Composer
133,15,Odessa Marquardt,Berneice Denesik,Screenwriter
134,31,Travon Fisher,Juliet Hansen,Cinematographer
135,19,Letitia Reilly,Kayla Heathcote,Film Editor
136,73,Tre Lind,Kristopher Fahey,Producer
137,63,Doris Mitchell,Aliyah Moore,Cinematographer
138,58,Kristopher Dooley,Brennan Hane,Production Designer
139,65,Cicero Jacobi,Hope Macejkovic,Screenwriter
140,74,Dario Marquardt,Lula Gleichner,Actress
141,100,Percy Jacobson,Lelia Berge,Actor
142,40,Brady Ratke,Alba Tremblay,Production Designer
143,68,Loyal Jacobi,Vella Greenfelder,Film Editor
144,42,Dena Gibson,Estrella Schulist,Director
145,94,Alford Casper,Rigoberto Mante,Actress
146,79,Polly Bahringer,Loy Mueller,Film Editor
147,19,Burdette Mayert,Joesph Altenwerth,Producer
148,46,Katelyn Stehr,Shanelle Rosenbaum,Production Designer
149,80,Abigale Windler,Shanny Shields,Costume Designer
150,18,Magdalena Simonis,Loyal Kertzmann,Costume Designer
151,35,Woodrow Stoltenberg,Aubree Langworth,Production Designer
152,68,Annamarie Gerhold,Billy Ferry,Film Editor
153,43,Kailee Hessel,Kaden Baumbach,Screenwriter
154,74,Dayana Buckridge,Ryder Dooley,Film Editor
155,6,Fredrick Nicolas,Erik White,Music Composer
156,8,Jamie Kuphal,Jerad Wunsch,Music Composer
157,11,Torrey Turner,Brooklyn Walter,Producer
158,51,Halie Schiller,Dino Reichert,Screenwriter
159,32,Rahsaan Russel,Maiya Hand,Director
160,88,Nichole Monahan,Anderson Doyle,Music Composer
161,98,Kari McLaughlin,Delpha Pouros,Producer
162,95,Julio Hintz,Wilton Corwin,Music Composer
163,53,Arne Mraz,Nathanial Price,Director
164,90,Mark Bechtelar,Blanche Rempel,Costume Designer
165,41,Wade Swift,Loy Sipes,Production Designer
166,69,Salma Brekke,Antonio Friesen,Producer
167,1,Lesly Stamm,Immanuel Gottlieb,Producer
168,61,Erna Turner,Alanis Mitchell,Screenwriter
169,73,Clint Walker,Herminia Jast,Producer
170,41,Verona Schamberger,Annalise Baumbach,Music Composer
171,5,Ocie Emmerich,Emilia Leffler,Cinematographer
172,18,Vincenzo Schoen,Aurelia Hackett,Screenwriter
173,0,Neva Kassulke,Marina Morissette,Costume Designer
174,44,Merlin Kuhlman,Valerie Lang,Actress
175,54,Marianne Nienow,Summer Rogahn,Director
176,43,Nichole Bogisich,Matilde Nikolaus,Music Composer
177,11,Wayne Schmeler,Queen Pollich,Actor
178,69,Brando Upton,Orpha Pfannerstill,Actor
179,60,Casimer Witting,Claire Spencer,Music Composer
180,59,Parker Kub,Urban Kertzmann,Film Editor
181,64,Florian Hettinger,Gonzalo Crist,Actor
182,84,Eugene Erdman,Devante Shields,Production Designer
183,50,Mckenzie Rippin,Kaitlin Schinner,Production Designer
184,35,Napoleon Streich,Delmer Douglas,Producer
185,67,Genesis Deckow,Tyrell Walter,Producer
186,89,Ernestina Emmerich,Bria Rice,Director
187,1,Rylee Boyle,Cleta Romaguera,Actress
188,80,Frida Macejkovic,Annabell Doyle,Film Editor
189,34,Roma Reichert,Hal Pagac,Producer
190,88,Alejandrin Hartmann,Declan Quitzon,Cinematographer
191,1,Alf McLaughlin,Rosalyn Wilkinson,Actress
192,10,Pinkie Pfeffer,Lenore Bogan,Actor
193,84,Louisa Marvin,Vilma Mueller,Cinematographer
194,80,Shanon Keebler,Clifton Casper,Production Designer
195,25,Cody Harvey,Mitchell Beahan,Screenwriter
196,37,Emelie Tromp,Esteban Reynolds,Costume Designer
197,66,Herminio Collins,Priscilla Wehner,Cinematographer
198,28,Maximo Jakubowski,Rosa Pacocha,Actor
199,56,Rita D'Amore,Jennings Wintheiser,Cinematographer
