Id,TitleName,Description,ReleaseYear,AgeCertification,Runtime,Genres,ProductionCountry,Seasons
0,quo,Qui beatae voluptatibus.,2018,TV-PG,218,"praesentium, labore, ut, temporibus",IR,
1,et,Odit minima consequatur repudiandae repellat sunt provident tempora doloribus consequatur.,1911,TV-PG,209,nihil,CW,
2,odit,Et error aut ipsum laudantium dolorem.,1937,S,127,"aut, dolorum",BY,
3,quo,Dolorum ducimus et consectetur quo aut dolores esse omnis quo.,1901,U,196,laborum,MV,
4,enim,Quod a harum.,1945,U,240,"voluptates, incidunt, consequatur",IR,
5,alias,Illum ex totam.,1958,12A,116,"quam, provident",NC,
6,sit,Ut est dolore ipsum assumenda impedit iusto enim.,1911,NC-17,196,"ipsa, explicabo",UG,
7,necessitatibus,Cum quia id qui recusandae quia hic amet culpa.,1899,S,63,"ipsum, molestiae, sunt",VC,
8,dolorem,Sunt harum id et architecto.,2014,TV-MA,127,"veniam, molestias, nesciunt",VE,
9,ut,Nulla ut adipisci sed.,1945,M,106,"animi, animi, amet",UG,
10,dolores,Tempore distinctio consequatur eos.,2005,18R,70,et,TH,
11,distinctio,Quasi asperiores nisi.,2022,18R,195,"est, eligendi",VC,9
12,tenetur,Et nihil cum.,1953,R21,179,"eum, expedita, delectus, veritatis",UZ,
13,omnis,Reiciendis labore sed consectetur aperiam.,1887,X18,178,"qui, rerum",IO,3
14,sed,Libero debitis distinctio eos ullam quis et dolores.,1932,TV-MA,90,quo,SM,
15,consequatur,Tempore sit veritatis sint fugit.,1900,PG-13,182,"possimus, porro, et, et",PL,3
16,qui,Voluptatem eaque ut eius.,1966,R,194,"sit, sunt",AF,
17,necessitatibus,Ratione nihil in consequatur qui odit nesciunt aperiam laudantium.,1947,AL,106,"vitae, omnis",SH,
18,omnis,Accusamus dolores quas.,1881,R18+,121,"velit, sit",SI,
19,officia,Sit in nihil ut nemo deserunt tempora facilis.,1993,PG,173,"voluptate, exercitationem, quibusdam, a",CC,9
20,perspiciatis,Voluptate molestiae aut est illum.,1959,S,225,"vitae, quis",FR,9
21,nostrum,Officia nemo quis consectetur.,1967,CA,71,"molestiae, tempora, qui, non",ET,8
22,sint,Iure nostrum porro aut esse laudantium beatae.,1967,R,146,"quo, molestias, consequuntur, et",MF,
23,minima,Suscipit veniam possimus laudantium vitae facere enim iusto est.,1992,G,136,"dignissimos, et, ut",NI,10
24,occaecati,Ab soluta fugiat sequi.,1890,12,126,"delectus, et",MS,
25,iusto,Quos culpa recusandae nobis.,1989,TV-Y,180,"quia, dolorem, veritatis, modi",YE,
26,aspernatur,Et ut aliquam aut et quisquam.,1920,TV-G,114,dolore,GB,
27,et,Repellat eum qui aliquam officiis.,1912,12A,141,ex,CH,4
28,porro,Non molestiae sed quos alias esse.,1990,18R,213,"reiciendis, et",GF,8
29,dignissimos,Ducimus itaque dolorem numquam aut sint est officia omnis.,1971,PG-13,140,"sint, dolorem, voluptas, velit",TH,8
30,sequi,Sed quo quia blanditiis repellat libero.,1956,R,152,"repudiandae, eius, similique, dolorem",FJ,
31,velit,Quia rerum ut minus deserunt vel molestiae.,1936,6,222,"dolor, necessitatibus",AM,
32,ut,Deserunt et et illum qui.,1913,EC,171,"beatae, eveniet, libero",PY,
33,placeat,Dolorem quia praesentium provident illum deleniti itaque omnis voluptatem.,1904,15,93,"vero, quia, est",SL,5
34,doloribus,Natus corrupti dignissimos aut nemo quis voluptas cumque.,2019,CA,72,"et, aut, optio",PK,
35,qui,Libero voluptatem esse ut dignissimos.,1882,E10+,104,et,VI,9
36,voluptatem,Accusamus est qui fuga incidunt nihil autem.,2000,GP,235,"qui, eligendi",SI,
37,cumque,Molestiae eius et iure explicabo.,1999,R16,240,doloremque,PT,3
38,odit,Illo et amet.,2009,R16,198,"doloremque, ducimus, itaque",SB,2
39,vitae,Quia quaerat voluptas.,1917,TV-Y,187,amet,WF,6
40,libero,Facilis fugit minus exercitationem pariatur accusamus quis qui reiciendis.,1902,E,133,"incidunt, consequatur, accusamus, et",PH,7
41,quia,Incidunt eaque facere nemo quia et totam aut officiis.,1983,R18+,65,modi,NC,
42,dignissimos,Voluptatem laborum molestiae et repellendus sunt.,1929,R16,78,molestiae,AG,
43,nemo,Maiores vel deserunt quidem delectus id possimus harum voluptas voluptatem.,1958,E,172,natus,HT,
44,illo,Veniam rerum accusamus.,2020,C,208,et,CY,
45,impedit,Minima quisquam vel nihil vero totam sit aut.,2020,E,127,"corporis, enim",TT,
46,debitis,Voluptas eligendi corporis saepe.,1996,TV-G,142,nihil,IO,5
47,minus,Distinctio et perspiciatis a non a blanditiis neque.,1925,R18+,76,"magni, eum",SN,10
48,repudiandae,Inventore est recusandae voluptatem perspiciatis.,1983,S,125,"quasi, aut",BT,
49,consequatur,Quis quos dolor rerum reiciendis non ex voluptas doloremque.,1933,TV-Y7,220,dicta,CC,
50,distinctio,Consequuntur voluptas consequatur tempora deserunt.,1948,18,157,"quis, fuga, officia",IS,
51,dolores,Voluptas quia dolore aperiam sunt exercitationem aut.,1927,12,239,est,TR,
52,quis,Unde dolor harum veniam ex adipisci.,1918,EC,156,"sed, ut",GQ,
53,in,Non nesciunt qui quia commodi voluptatem.,1916,EC,99,"quidem, eum, facere, a",GL,
54,ut,Commodi reprehenderit amet modi pariatur aliquam soluta.,2003,NC-17,106,"optio, voluptatum",IM,
55,error,Magnam aspernatur eius veritatis.,1999,MA15+,233,"qui, autem, architecto, et",HU,4
56,ut,Consectetur officia eum error sapiente libero.,1976,NC-17,232,"officiis, minima, facilis, ut",IS,
57,qui,Ipsum numquam modi sed repudiandae in quam odio.,1989,TV-Y7,170,"deleniti, deleniti",NI,
58,repellendus,Qui quis maiores sit assumenda velit in natus a.,1991,T,162,"qui, consequatur, aut",BI,
59,nihil,Dolores aperiam tempore adipisci vel possimus fuga.,1984,R21,221,"quibusdam, quidem, eos, aut",SH,
60,cupiditate,Qui error vitae fuga.,1958,12,152,molestias,EE,
61,optio,Velit autem iure in dicta cupiditate quas.,1916,R18+,160,"fugiat, animi, eveniet",KG,6
62,voluptatem,Voluptatibus laudantium accusantium eius qui nihil sed unde.,1903,9,142,"esse, voluptatem",MA,
63,ea,Aliquam voluptatem quisquam qui impedit.,1945,6,83,"natus, ad, temporibus, et",NO,
64,ut,Voluptate nihil quasi accusantium sit sit doloremque qui quia.,1892,6,199,et,AZ,
65,aut,Quasi aut omnis qui exercitationem non.,2006,NC-17,158,id,GY,
66,sint,Dolorum molestiae quidem voluptas nihil quia porro excepturi.,1940,S,204,"dolorum, ducimus, voluptates",TT,9
67,eum,Sunt illo est expedita nesciunt voluptatem ducimus.,1991,C,195,modi,MA,8
68,cum,Repellat est quos consequuntur sint est pariatur mollitia aut.,1953,X18,79,"et, deserunt",KN,
69,rerum,Natus ut architecto nihil eos illo molestiae qui autem vel.,1917,E,184,"commodi, delectus",PM,
70,sunt,Quia ipsa aut.,2022,TV-G,90,"quo, autem",IT,
71,maiores,Alias recusandae ut dicta et eum fuga et et.,1973,CA,168,"veritatis, aspernatur, qui, autem",IN,
72,eos,Repudiandae incidunt error voluptatibus iure.,1968,S,121,"ipsum, voluptas, repellendus",MH,
73,hic,Itaque animi non error.,1947,R18,213,adipisci,MA,8
74,rerum,Enim nemo nihil nostrum.,1912,TV-Y,71,"iure, exercitationem, modi",BR,
75,culpa,Veniam corrupti reiciendis distinctio aut ratione.,1923,A,129,"vel, omnis, qui",VU,5
76,accusamus,Sit quisquam dolores ducimus fugiat numquam nobis assumenda dolore.,1900,GP,189,"aliquid, expedita, deserunt, fuga",CR,
77,voluptatem,Unde placeat quia et odio dolore beatae et.,1903,R18+,225,architecto,BL,7
78,quidem,Dolores illum vel quo dolor.,1911,CA,187,soluta,AD,
79,distinctio,Laborum natus voluptatem.,1985,MA15+,74,"ut, quisquam, cupiditate, perspiciatis",CX,
80,aut,Aliquam blanditiis in optio molestias voluptatibus ipsam impedit cum ducimus.,1941,X18,61,"labore, exercitationem, sint, quaerat",HN,9
81,saepe,Quae veniam perferendis assumenda fugiat iste sit ut est.,1944,12,122,"sit, quidem, quasi",BW,
82,autem,Sunt id ut velit velit rem illum dicta.,1931,M/PG,77,"totam, dicta, eum",PK,
83,reiciendis,Facere est optio blanditiis ut adipisci reiciendis et.,1986,T,210,"a, unde",NC,
84,rem,Perferendis fugiat tempora iure.,1970,G,224,"voluptatem, voluptatem, illum, dolores",SM,
85,eos,Quisquam aliquid aliquam ab voluptatum aliquid omnis dolor.,1997,A,122,"excepturi, rerum",AF,10
86,odit,Accusantium nihil quae ipsum at rem eum.,1961,M/PG,119,"consequuntur, ut",WF,
87,asperiores,Officiis quos sint dolorem sunt neque est.,1949,M/PG,65,qui,HR,3
88,illum,Odit voluptate ducimus praesentium numquam pariatur.,1893,G,209,"quis, voluptates, voluptatem, eum",PA,2
89,magni,Reprehenderit sint minus hic.,2019,12,93,eveniet,LY,
90,placeat,Autem amet in.,1892,TV-PG,72,"aut, sit, odio, magni",MO,10
91,doloribus,Aut quaerat et et qui quisquam quia eos eius fugiat.,1974,AL,69,"nobis, beatae, laborum",MT,
92,sequi,Veniam quia quidem explicabo laboriosam quam reprehenderit quam.,1955,MA15+,161,"facere, voluptatibus, cupiditate",TW,
93,voluptatibus,Rerum dolores magnam cumque atque fuga voluptatem.,1942,M,212,"dolorem, officia, molestiae",CO,
94,incidunt,Tempore in laboriosam ut aut.,1920,S,120,"ad, exercitationem, aut, praesentium",SD,
95,ea,Maxime doloremque magni maiores vero iste fugiat quia.,1947,15,69,"et, non",SC,
96,ut,Eos eum dolorem itaque reiciendis quae.,1880,12,112,"earum, vel, delectus",ST,
97,ullam,Magnam consectetur quo quis ipsa eos nesciunt consequuntur.,1887,TV-MA,114,"accusantium, excepturi",DJ,
98,a,Ea atque non nisi consequuntur omnis optio.,1900,TV-MA,217,"sint, soluta, doloremque, dicta",UY,
99,consequatur,Ad itaque quia ducimus autem consequatur aut et soluta.,1919,GP,154,et,SE,8
